Id,Date,TotalMinutesAsleep,TotalTimeInBed,TotalSteps,TotalDistance,VeryActiveDistance,ModeratelyActiveDistance,LightActiveDistance,VeryActiveMinutes,FairlyActiveMinutes,LightlyActiveMinutes,SedentaryMinutes,Calories
1503960366,2016-04-12,327.0,346.0,13162,8.5,1.879999995,0.550000012,6.059999943,25,13,328,728,1985
1503960366,2016-04-13,384.0,407.0,10735,6.96999979,1.570000052,0.689999998,4.710000038,21,19,217,776,1797
1503960366,2016-04-15,412.0,442.0,9762,6.28000021,2.140000105,1.25999999,2.829999924,29,34,209,726,1745
1503960366,2016-04-16,340.0,367.0,12669,8.159999847,2.710000038,0.409999996,5.039999962,36,10,221,773,1863
1503960366,2016-04-17,700.0,712.0,9705,6.480000019,3.190000057,0.779999971,2.50999999,38,20,164,539,1728
1503960366,2016-04-19,304.0,320.0,15506,9.880000114,3.529999971,1.320000052,5.03000021,50,31,264,775,2035
1503960366,2016-04-20,360.0,377.0,10544,6.679999828,1.960000038,0.479999989,4.239999771,28,12,205,818,1786
1503960366,2016-04-21,325.0,364.0,9819,6.340000153,1.340000033,0.349999994,4.650000095,19,8,211,838,1775
1503960366,2016-04-23,361.0,384.0,14371,9.039999962,2.809999943,0.870000005,5.360000134,41,21,262,732,1949
1503960366,2016-04-24,430.0,449.0,10039,6.409999847,2.920000076,0.209999993,3.279999971,39,5,238,709,1788
1503960366,2016-04-25,277.0,323.0,15355,9.800000191,5.289999962,0.569999993,3.940000057,73,14,216,814,2013
1503960366,2016-04-26,245.0,274.0,13755,8.789999962,2.329999924,0.920000017,5.539999962,31,23,279,833,1970
1503960366,2016-04-28,366.0,393.0,13154,8.529999733,3.539999962,1.159999967,3.789999962,48,28,189,782,1898
1503960366,2016-04-29,341.0,354.0,11181,7.150000095,1.059999943,0.5,5.579999924,16,12,243,815,1837
1503960366,2016-04-30,404.0,425.0,14673,9.25,3.559999943,1.419999957,4.269999981,52,34,217,712,1947
1503960366,2016-05-01,369.0,396.0,10602,6.809999943,2.289999962,1.600000024,2.920000076,33,35,246,730,1820
1503960366,2016-05-02,277.0,309.0,14727,9.710000038,3.210000038,0.569999993,5.920000076,41,15,277,798,2004
1503960366,2016-05-03,273.0,296.0,15103,9.659999847,3.730000019,1.049999952,4.880000114,50,24,254,816,1990
1503960366,2016-05-05,247.0,264.0,14070,8.899999619,2.920000076,1.080000043,4.880000114,45,24,250,857,1959
1503960366,2016-05-06,334.0,367.0,12159,8.029999733,1.970000029,0.25,5.809999943,24,6,289,754,1896
1503960366,2016-05-07,331.0,349.0,11992,7.710000038,2.460000038,2.119999886,3.130000114,37,46,175,833,1821
1503960366,2016-05-08,594.0,611.0,10060,6.579999924,3.529999971,0.319999993,2.730000019,44,8,203,574,1740
1503960366,2016-05-09,338.0,342.0,12022,7.71999979,3.450000048,0.529999971,3.74000001,46,11,206,835,1819
1503960366,2016-05-10,383.0,403.0,12207,7.769999981,3.349999905,1.159999967,3.25999999,46,31,214,746,1859
1503960366,2016-05-11,285.0,306.0,12770,8.130000114,2.559999943,1.00999999,4.550000191,36,23,251,669,1783
1644430081,2016-04-29,119.0,127.0,3176,2.309999943,0.0,0.0,2.309999943,0,0,120,1193,2498
1644430081,2016-04-30,124.0,142.0,18213,13.23999977,0.629999995,3.140000105,9.460000038,9,71,402,816,3846
1644430081,2016-05-02,796.0,961.0,3758,2.730000019,0.07,0.310000002,2.349999905,1,7,148,682,2580
1644430081,2016-05-08,137.0,154.0,6724,4.889999866,0.0,0.0,4.880000114,0,0,295,991,2987
1844505072,2016-04-15,644.0,961.0,3844,2.539999962,0.0,0.0,2.539999962,0,0,176,527,1725
1844505072,2016-04-30,722.0,961.0,4014,2.670000076,0.0,0.0,2.650000095,0,0,184,218,1763
1844505072,2016-05-01,590.0,961.0,2573,1.700000048,0.0,0.25999999,1.450000048,0,7,75,585,1541
1927972279,2016-04-12,750.0,775.0,678,0.469999999,0.0,0.0,0.469999999,0,0,55,734,2220
1927972279,2016-04-13,398.0,422.0,356,0.25,0.0,0.0,0.25,0,0,32,986,2151
1927972279,2016-04-15,475.0,499.0,980,0.680000007,0.0,0.0,0.680000007,0,0,51,941,2221
1927972279,2016-04-26,296.0,315.0,3761,2.599999905,0.0,0.0,2.599999905,0,0,192,1058,2638
1927972279,2016-04-28,166.0,178.0,1675,1.159999967,0.0,0.0,1.159999967,0,0,95,1167,2351
2026352035,2016-04-12,503.0,546.0,4414,2.74000001,0.189999998,0.349999994,2.200000048,3,8,181,706,1459
2026352035,2016-04-13,531.0,565.0,4993,3.099999905,0.0,0.0,3.099999905,0,0,238,663,1521
2026352035,2016-04-14,545.0,568.0,3335,2.069999933,0.0,0.0,2.049999952,0,0,197,653,1431
2026352035,2016-04-15,523.0,573.0,3821,2.369999886,0.0,0.0,2.369999886,0,0,188,687,1444
2026352035,2016-04-16,524.0,567.0,2547,1.580000043,0.0,0.0,1.580000043,0,0,150,728,1373
2026352035,2016-04-17,437.0,498.0,838,0.519999981,0.0,0.0,0.519999981,0,0,60,1053,1214
2026352035,2016-04-19,498.0,540.0,2424,1.5,0.0,0.0,1.5,0,0,141,785,1356
2026352035,2016-04-20,461.0,510.0,7222,4.480000019,0.0,0.0,4.480000019,0,0,327,623,1667
2026352035,2016-04-21,477.0,514.0,2467,1.529999971,0.0,0.0,1.529999971,0,0,153,749,1370
2026352035,2016-04-22,520.0,545.0,2915,1.809999943,0.0,0.0,1.809999943,0,0,162,712,1399
2026352035,2016-04-23,522.0,554.0,12357,7.710000038,0.0,0.0,7.710000038,0,0,432,458,1916
2026352035,2016-04-24,555.0,591.0,3490,2.160000086,0.0,0.0,2.160000086,0,0,164,704,1401
2026352035,2016-04-25,506.0,531.0,6017,3.730000019,0.0,0.0,3.730000019,0,0,260,821,1576
2026352035,2016-04-27,508.0,545.0,6088,3.769999981,0.0,0.0,3.769999981,0,0,286,586,1593
2026352035,2016-04-28,513.0,545.0,6375,3.950000048,0.0,0.0,3.950000048,0,0,331,626,1649
2026352035,2016-04-29,490.0,510.0,7604,4.710000038,0.0,0.0,4.710000038,0,0,352,492,1692
2026352035,2016-04-30,573.0,607.0,4729,2.930000067,0.0,0.0,2.930000067,0,0,233,594,1506
2026352035,2016-05-01,527.0,546.0,3609,2.279999971,0.0,0.0,2.279999971,0,0,191,716,1447
2026352035,2016-05-02,511.0,543.0,7018,4.349999905,0.0,0.0,4.349999905,0,0,355,716,1690
2026352035,2016-05-04,538.0,560.0,6564,4.070000172,0.0,0.0,4.070000172,0,0,345,530,1658
2026352035,2016-05-05,468.0,485.0,12167,7.539999962,0.0,0.0,7.539999962,0,0,475,479,1926
2026352035,2016-05-06,524.0,548.0,8198,5.079999924,0.0,0.0,5.079999924,0,0,383,511,1736
2026352035,2016-05-07,511.0,521.0,4193,2.599999905,0.0,0.0,2.599999905,0,0,229,665,1491
2026352035,2016-05-08,541.0,568.0,5528,3.450000048,0.0,0.0,3.450000048,0,0,258,610,1555
2026352035,2016-05-09,531.0,556.0,10685,6.619999886,0.0,0.0,6.599999905,0,0,401,543,1869
2026352035,2016-05-10,357.0,380.0,254,0.159999996,0.0,0.0,0.159999996,0,0,17,1002,1141
2026352035,2016-05-11,523.0,553.0,8580,5.320000172,0.0,0.0,5.320000172,0,0,330,569,1698
2026352035,2016-05-12,456.0,485.0,8891,5.510000229,0.0,0.0,5.510000229,0,0,343,330,1364
2320127002,2016-04-23,61.0,69.0,5079,3.420000076,0.0,0.0,3.420000076,0,0,242,1129,1804
2347167796,2016-04-13,467.0,531.0,10352,7.010000229,1.659999967,1.940000057,3.410000086,19,32,195,676,2038
2347167796,2016-04-14,445.0,489.0,10129,6.699999809,0.02,2.74000001,3.940000057,1,48,206,705,2010
2347167796,2016-04-15,452.0,504.0,10465,6.920000076,0.07,1.419999957,5.429999828,1,24,284,720,2133
2347167796,2016-04-17,556.0,602.0,5472,3.619999886,0.079999998,0.280000001,3.25999999,1,7,249,508,1882
2347167796,2016-04-18,500.0,557.0,8247,5.449999809,0.790000021,0.860000014,3.789999962,11,16,206,678,1944
2347167796,2016-04-19,465.0,514.0,6711,4.440000057,0.0,0.0,4.440000057,0,7,382,648,2346
2347167796,2016-04-21,460.0,484.0,10080,6.75,1.850000024,1.529999971,3.380000114,23,26,208,761,2048
2347167796,2016-04-22,405.0,461.0,7804,5.159999847,0.560000002,1.679999948,2.920000076,9,27,206,781,1946
2347167796,2016-04-23,374.0,386.0,16901,11.36999989,2.779999971,1.450000048,7.150000095,32,35,360,591,2629
2347167796,2016-04-24,442.0,459.0,9471,6.260000229,0.0,0.0,6.260000229,0,0,360,584,2187
2347167796,2016-04-25,433.0,471.0,9482,6.380000114,1.269999981,0.519999981,4.599999905,15,11,277,653,2095
2347167796,2016-04-26,436.0,490.0,5980,3.950000048,0.0,0.0,3.950000048,0,0,227,732,1861
2347167796,2016-04-27,448.0,499.0,11423,7.579999924,1.860000014,0.400000006,5.320000172,26,9,295,623,2194
2347167796,2016-04-28,408.0,450.0,5439,3.599999905,0.0,0.0,3.599999905,0,0,229,764,1854
2347167796,2016-04-29,411.0,473.0,42,0.029999999,0.0,0.0,0.029999999,0,0,4,2,403
3977333714,2016-04-12,274.0,469.0,8856,5.980000019,3.059999943,0.910000026,2.00999999,44,19,131,777,1450
3977333714,2016-04-13,295.0,456.0,10035,6.710000038,2.029999971,2.130000114,2.549999952,31,46,153,754,1495
3977333714,2016-04-14,291.0,397.0,7641,5.110000134,0.319999993,0.970000029,3.819999933,5,23,214,801,1433
3977333714,2016-04-15,424.0,556.0,9010,6.059999943,1.049999952,1.75,3.25999999,15,42,183,644,1468
3977333714,2016-04-16,283.0,510.0,13459,9.0,2.029999971,4.0,2.970000029,31,83,153,663,1625
3977333714,2016-04-17,381.0,566.0,10415,6.96999979,0.699999988,2.349999905,3.920000076,11,58,205,600,1529
3977333714,2016-04-18,412.0,522.0,11663,7.800000191,0.25,3.730000019,3.819999933,4,95,214,605,1584
3977333714,2016-04-19,219.0,395.0,12414,8.779999733,2.24000001,2.450000048,3.960000038,19,67,221,738,1638
3977333714,2016-04-20,152.0,305.0,11658,7.829999924,0.200000003,4.349999905,3.279999971,2,98,164,845,1554
3977333714,2016-04-21,332.0,512.0,6093,4.079999924,0.0,0.0,4.059999943,0,0,242,712,1397
3977333714,2016-04-22,355.0,476.0,8911,5.960000038,2.329999924,0.579999983,3.059999943,33,12,188,731,1481
3977333714,2016-04-23,235.0,372.0,12058,8.069999695,0.0,4.21999979,3.849999905,0,92,252,724,1638
3977333714,2016-04-24,310.0,526.0,14112,10.0,3.269999981,4.559999943,2.170000076,30,95,129,660,1655
3977333714,2016-04-25,262.0,467.0,11177,8.479999542,5.619999886,0.430000007,2.410000086,50,9,133,781,1570
3977333714,2016-04-26,250.0,371.0,11388,7.619999886,0.449999988,4.21999979,2.950000048,7,95,170,797,1551
3977333714,2016-04-27,349.0,540.0,7193,5.039999962,0.0,0.419999987,4.619999886,0,10,176,714,1377
3977333714,2016-04-28,261.0,423.0,7114,4.880000114,1.370000005,0.289999992,3.220000029,15,8,190,804,1407
3977333714,2016-04-29,333.0,478.0,10645,7.75,3.74000001,1.299999952,2.710000038,36,32,150,744,1545
3977333714,2016-04-30,237.0,382.0,13238,9.199999809,3.690000057,2.099999905,3.410000086,43,52,194,687,1650
3977333714,2016-05-01,383.0,626.0,10414,7.070000172,2.670000076,1.980000019,2.410000086,41,40,124,691,1501
3977333714,2016-05-02,230.0,384.0,16520,11.05000019,1.539999962,6.480000019,3.019999981,24,143,176,713,1760
3977333714,2016-05-03,292.0,500.0,14335,9.590000153,3.319999933,1.74000001,4.53000021,47,41,258,594,1710
3977333714,2016-05-04,213.0,336.0,13559,9.43999958,1.809999943,4.579999924,2.890000105,14,96,142,852,1628
3977333714,2016-05-05,318.0,480.0,12312,8.579999924,1.75999999,4.110000134,2.710000038,14,88,178,680,1618
3977333714,2016-05-06,323.0,512.0,11677,8.279999733,3.109999895,2.50999999,2.670000076,29,55,168,676,1590
3977333714,2016-05-07,237.0,443.0,11550,7.730000019,0.0,4.130000114,3.589999914,0,86,208,703,1574
3977333714,2016-05-08,259.0,456.0,13585,9.090000153,0.680000007,5.239999771,3.170000076,9,116,171,688,1633
3977333714,2016-05-10,312.0,452.0,13072,8.779999733,0.07,5.400000095,3.309999943,1,115,196,676,1630
4020332650,2016-04-12,501.0,541.0,8539,6.119999886,0.150000006,0.239999995,5.679999828,4,15,331,712,3654
4020332650,2016-04-16,77.0,77.0,1982,1.419999957,0.449999988,0.370000005,0.589999974,65,21,55,1222,3051
4020332650,2016-05-03,322.0,332.0,4496,3.220000029,0.0,0.0,3.150000095,0,0,174,950,2828
4020332650,2016-05-04,478.0,536.0,10252,7.349999905,0.670000017,1.039999962,5.579999924,13,46,346,531,3879
4020332650,2016-05-05,226.0,248.0,11728,8.430000305,2.619999886,1.679999948,4.039999962,38,42,196,916,3429
4020332650,2016-05-06,385.0,408.0,4369,3.130000114,0.0,0.0,3.099999905,0,0,177,855,2704
4020332650,2016-05-08,364.0,402.0,5862,4.199999809,0.0,0.0,4.150000095,0,0,263,775,3089
4020332650,2016-05-10,442.0,494.0,5546,3.980000019,0.0,0.0,3.869999886,0,0,206,774,2926
4319703577,2016-04-14,535.0,557.0,10210,6.880000114,0.109999999,0.330000013,6.440000057,1,9,339,589,2302
4319703577,2016-04-15,465.0,491.0,5664,3.799999952,0.0,0.0,3.799999952,0,0,228,752,1985
4319703577,2016-04-16,506.0,522.0,4744,3.180000067,0.0,0.0,3.180000067,0,0,194,724,1884
4319703577,2016-04-18,515.0,551.0,2276,1.549999952,0.07,0.330000013,1.120000005,1,9,58,824,1632
4319703577,2016-04-19,461.0,498.0,8925,5.989999771,0.0,0.0,5.989999771,0,0,311,604,2200
4319703577,2016-04-20,523.0,543.0,8954,6.010000229,0.0,0.680000007,5.309999943,0,18,306,671,2220
4319703577,2016-04-21,59.0,65.0,3702,2.480000019,0.0,0.0,0.349999994,0,0,34,1265,1792
4319703577,2016-04-22,533.0,550.0,4500,3.019999981,0.059999999,0.810000002,2.150000095,1,19,176,709,1886
4319703577,2016-04-23,692.0,722.0,4935,3.309999943,0.0,0.0,3.309999943,0,0,233,546,1945
4319703577,2016-04-24,467.0,501.0,4081,2.74000001,0.059999999,0.200000003,2.470000029,1,5,191,692,1880
4319703577,2016-04-25,488.0,506.0,9259,6.210000038,0.0,0.280000001,5.929999828,0,8,390,544,2314
4319703577,2016-04-26,505.0,516.0,9899,6.639999866,0.569999993,0.920000017,5.150000095,8,21,288,649,2236
4319703577,2016-04-27,286.0,307.0,10780,7.230000019,0.409999996,1.919999957,4.909999847,6,47,300,680,2324
4319703577,2016-04-28,497.0,522.0,10817,7.28000021,1.00999999,0.330000013,5.940000057,13,8,359,552,2367
4319703577,2016-04-29,523.0,546.0,7990,5.360000134,0.449999988,0.790000021,4.119999886,6,18,289,624,2175
4319703577,2016-04-30,490.0,516.0,8221,5.519999981,0.400000006,1.610000014,3.50999999,6,38,196,695,2092
4319703577,2016-05-01,484.0,500.0,1251,0.839999974,0.0,0.0,0.839999974,0,0,67,836,1593
4319703577,2016-05-02,478.0,506.0,9261,6.239999771,0.0,0.439999998,5.710000038,0,11,344,585,2270
4319703577,2016-05-03,474.0,512.0,9648,6.46999979,0.579999983,1.070000052,4.829999924,8,26,287,669,2235
4319703577,2016-05-06,450.0,491.0,9524,6.420000076,0.409999996,0.469999999,5.460000038,6,11,314,692,2266
4319703577,2016-05-07,507.0,530.0,7937,5.329999924,0.189999998,1.049999952,4.079999924,3,28,279,586,2158
4319703577,2016-05-08,602.0,638.0,3672,2.460000038,0.0,0.0,2.460000038,0,0,153,603,1792
4319703577,2016-05-09,535.0,565.0,10378,6.960000038,0.140000001,0.560000002,6.25,2,14,374,490,2345
4319703577,2016-05-10,487.0,517.0,9487,6.369999886,0.209999993,0.460000008,5.699999809,3,12,329,555,2260
4319703577,2016-05-11,529.0,558.0,9129,6.130000114,0.200000003,0.74000001,5.179999828,3,18,311,574,2232
4319703577,2016-05-12,302.0,321.0,17,0.01,0.0,0.0,0.01,0,0,2,0,257
4388161847,2016-04-15,499.0,526.0,8758,6.730000019,0.0,0.0,6.730000019,0,0,299,837,3066
4388161847,2016-04-16,426.0,448.0,6580,5.059999943,0.209999993,0.400000006,4.449999809,6,9,253,609,3073
4388161847,2016-04-17,619.0,641.0,4660,3.579999924,0.0,0.0,3.579999924,0,0,201,721,2572
4388161847,2016-04-18,99.0,104.0,11009,9.100000381,3.559999943,0.400000006,5.139999866,27,8,239,1017,3274
4388161847,2016-04-19,329.0,338.0,10181,7.829999924,1.370000005,0.689999998,5.769999981,20,16,249,704,3015
4388161847,2016-04-20,421.0,451.0,10553,8.119999886,1.100000024,1.720000029,5.289999962,19,42,228,696,3083
4388161847,2016-04-21,442.0,458.0,10055,7.730000019,0.370000005,0.389999986,6.980000019,7,12,272,853,3069
4388161847,2016-04-22,82.0,85.0,12139,9.340000153,3.299999952,1.110000014,4.920000076,77,25,220,945,3544
4388161847,2016-04-23,478.0,501.0,13236,10.18000031,4.5,0.319999993,5.349999905,58,5,215,749,3306
4388161847,2016-04-24,552.0,595.0,10243,7.880000114,1.080000043,0.50999999,6.300000191,14,8,239,584,2885
4388161847,2016-04-26,319.0,346.0,9461,7.28000021,0.939999998,1.059999943,5.269999981,14,23,224,673,2929
4388161847,2016-04-27,439.0,500.0,11193,8.609999657,0.699999988,2.50999999,5.389999866,11,48,241,684,3074
4388161847,2016-04-28,428.0,458.0,10074,7.75,1.289999962,0.430000007,6.03000021,19,9,234,878,2969
4388161847,2016-04-30,409.0,430.0,12533,9.640000343,0.699999988,2.0,6.940000057,14,43,300,537,3283
4388161847,2016-05-01,547.0,597.0,10255,7.889999866,1.00999999,0.680000007,6.199999809,12,15,241,579,2926
4388161847,2016-05-02,368.0,376.0,10096,8.399999619,3.769999981,0.079999998,4.550000191,33,4,204,935,3147
4388161847,2016-05-04,390.0,414.0,12375,9.520000458,2.789999962,0.930000007,5.800000191,35,21,251,632,3162
4388161847,2016-05-05,471.0,495.0,9603,7.380000114,0.629999995,1.669999957,5.090000153,12,39,199,896,2899
4388161847,2016-05-05,471.0,495.0,9603,7.380000114,0.629999995,1.669999957,5.090000153,12,39,199,896,2899
4388161847,2016-05-07,472.0,496.0,22770,17.54000092,9.449999809,2.769999981,5.329999924,120,56,260,508,4022
4388161847,2016-05-08,529.0,541.0,17298,14.38000011,9.890000343,1.25999999,3.230000019,107,38,178,576,3934
4388161847,2016-05-09,62.0,65.0,10218,7.860000134,0.340000004,0.730000019,6.789999962,6,19,258,1020,3013
4388161847,2016-05-10,354.0,375.0,10299,7.920000076,0.810000002,0.649999976,6.460000038,13,14,267,648,3061
4388161847,2016-05-11,469.0,494.0,10201,7.840000153,0.529999971,0.790000021,6.53000021,8,18,256,858,2954
4445114986,2016-04-12,429.0,457.0,3276,2.200000048,0.0,0.0,2.200000048,0,0,196,787,2113
4445114986,2016-04-13,370.0,406.0,2961,1.99000001,0.0,0.0,1.99000001,0,0,194,840,2095
4445114986,2016-04-14,441.0,492.0,3974,2.670000076,0.0,0.0,2.670000076,0,0,231,717,2194
4445114986,2016-04-15,337.0,379.0,7198,4.829999924,0.0,0.0,4.829999924,0,0,350,711,2496
4445114986,2016-04-16,462.0,499.0,3945,2.650000095,0.0,0.0,2.650000095,0,0,225,716,2180
4445114986,2016-04-17,98.0,107.0,2268,1.519999981,0.0,0.0,1.519999981,0,0,114,1219,1933
4445114986,2016-04-19,388.0,424.0,2064,1.389999986,0.0,0.0,1.389999986,0,0,121,895,1954
4445114986,2016-04-20,439.0,462.0,2072,1.389999986,0.0,0.0,1.389999986,0,0,137,841,1974
4445114986,2016-04-21,436.0,469.0,3809,2.559999943,0.0,0.0,2.539999962,0,0,215,756,2150
4445114986,2016-04-22,388.0,417.0,6831,4.579999924,0.0,0.0,4.579999924,0,0,317,706,2432
4445114986,2016-04-25,328.0,345.0,3385,2.269999981,0.0,0.0,2.269999981,0,0,179,916,2070
4445114986,2016-04-26,353.0,391.0,6326,4.409999847,2.410000086,0.039999999,1.960000038,29,1,180,839,2291
4445114986,2016-04-27,332.0,374.0,7243,5.03000021,2.619999886,0.029999999,2.380000114,32,1,194,839,2361
4445114986,2016-04-28,419.0,442.0,4493,3.00999999,0.0,0.0,3.00999999,0,0,236,762,2203
4445114986,2016-04-29,106.0,108.0,4676,3.140000105,0.0,0.0,3.130000114,0,0,226,1106,2196
4445114986,2016-04-30,322.0,353.0,6222,4.179999828,0.0,0.0,4.179999828,0,0,290,797,2363
4445114986,2016-05-01,439.0,459.0,5232,3.50999999,0.0,0.0,3.50999999,0,0,240,741,2246
4445114986,2016-05-02,502.0,542.0,6910,4.75,2.210000038,0.189999998,2.349999905,27,4,200,667,2336
4445114986,2016-05-03,417.0,450.0,7502,5.179999828,2.480000019,0.109999999,2.579999924,30,2,233,725,2421
4445114986,2016-05-04,337.0,363.0,2923,1.960000038,0.0,0.0,1.960000038,0,0,180,897,2070
4445114986,2016-05-05,462.0,513.0,3800,2.549999952,0.119999997,0.239999995,2.180000067,2,6,185,734,2120
4445114986,2016-05-06,374.0,402.0,4514,3.029999971,0.0,0.0,3.029999971,0,0,229,809,2211
4445114986,2016-05-07,401.0,436.0,5183,3.589999914,2.130000114,0.189999998,1.25,26,4,108,866,2123
4445114986,2016-05-08,361.0,391.0,7303,4.900000095,0.0,0.25,4.650000095,0,8,308,733,2423
4445114986,2016-05-09,457.0,533.0,5275,3.539999962,0.0,0.0,3.539999962,0,0,266,641,2281
4445114986,2016-05-10,405.0,426.0,3915,2.630000114,0.0,0.0,2.630000114,0,0,231,783,2181
4445114986,2016-05-11,499.0,530.0,9105,6.110000134,2.25,1.0,2.859999895,34,22,232,622,2499
4445114986,2016-05-12,483.0,501.0,768,0.519999981,0.0,0.0,0.519999981,0,0,58,380,1212
4558609924,2016-04-21,126.0,137.0,13743,9.079999924,0.419999987,0.970000029,7.699999809,6,21,432,844,2486
4558609924,2016-04-26,103.0,121.0,9148,6.050000191,0.430000007,2.029999971,3.589999914,12,41,283,1062,2223
4558609924,2016-04-29,171.0,179.0,7833,5.179999828,1.019999981,1.850000024,2.309999943,15,29,197,1096,1918
4558609924,2016-05-01,115.0,129.0,3428,2.269999981,0.0,0.0,2.269999981,0,0,190,1121,1692
4558609924,2016-05-08,123.0,134.0,6543,4.329999924,1.799999952,0.5,2.019999981,66,35,238,1019,2666
4702921684,2016-04-12,425.0,439.0,7213,5.880000114,0.0,0.0,5.849999905,0,0,263,718,2947
4702921684,2016-04-13,400.0,430.0,6877,5.579999924,0.0,0.0,5.579999924,0,0,258,777,2898
4702921684,2016-04-14,384.0,415.0,7860,6.369999886,0.0,0.0,6.369999886,0,0,271,772,2984
4702921684,2016-04-15,253.0,257.0,6506,5.28000021,0.07,0.419999987,4.789999962,1,8,256,944,2896
4702921684,2016-04-16,382.0,406.0,11140,9.029999733,0.239999995,1.25,7.539999962,3,24,335,556,3328
4702921684,2016-04-17,591.0,612.0,12692,10.28999996,0.959999979,3.460000038,5.880000114,12,66,302,437,3394
4702921684,2016-04-18,293.0,312.0,9105,7.380000114,1.820000052,1.49000001,4.070000172,22,30,191,890,3013
4702921684,2016-04-19,457.0,487.0,6708,5.440000057,0.879999995,0.370000005,4.190000057,10,8,179,757,2812
4702921684,2016-04-20,454.0,468.0,8793,7.130000114,0.159999996,1.230000019,5.730000019,2,29,260,717,3061
4702921684,2016-04-21,425.0,434.0,6530,5.300000191,0.310000002,2.049999952,2.940000057,4,41,144,901,2729
4702921684,2016-04-23,465.0,475.0,15126,12.27000046,0.75999999,3.24000001,8.270000458,9,66,408,469,3691
4702921684,2016-04-24,480.0,506.0,15050,12.22000027,1.200000048,5.119999886,5.880000114,15,95,281,542,3538
4702921684,2016-04-25,370.0,380.0,9167,7.429999828,0.49000001,0.819999993,6.110000134,6,15,270,730,3064
4702921684,2016-04-26,421.0,429.0,6108,4.949999809,0.07,0.349999994,4.539999962,1,8,216,765,2784
4702921684,2016-04-27,432.0,449.0,7047,5.71999979,0.090000004,0.800000012,4.78000021,1,16,238,733,2908
4702921684,2016-04-28,442.0,461.0,9023,7.320000172,1.129999995,0.419999987,5.769999981,14,9,232,738,3033
4702921684,2016-04-29,433.0,447.0,9930,8.050000191,1.059999943,0.920000017,6.070000172,12,19,267,692,3165
4702921684,2016-04-30,479.0,501.0,10144,8.229999542,0.319999993,2.029999971,5.880000114,4,36,263,728,3115
4702921684,2016-05-03,327.0,373.0,9454,7.670000076,0.0,0.0,7.670000076,0,0,313,729,3145
4702921684,2016-05-04,412.0,434.0,8161,6.619999886,0.340000004,0.730000019,5.539999962,4,15,251,757,3004
4702921684,2016-05-05,414.0,428.0,8614,6.989999771,0.670000017,0.219999999,6.090000153,8,5,241,745,3006
4702921684,2016-05-06,404.0,449.0,6943,5.630000114,0.079999998,0.660000026,4.869999886,1,16,207,682,2859
4702921684,2016-05-07,520.0,543.0,14370,11.64999962,0.370000005,2.309999943,8.970000267,5,46,439,577,3683
4702921684,2016-05-07,520.0,543.0,14370,11.64999962,0.370000005,2.309999943,8.970000267,5,46,439,577,3683
4702921684,2016-05-09,435.0,458.0,8232,6.679999828,0.0,0.569999993,6.099999905,0,12,253,746,2990
4702921684,2016-05-10,416.0,431.0,10613,8.609999657,0.079999998,1.879999995,6.650000095,1,37,262,701,3172
4702921684,2016-05-11,354.0,366.0,9810,7.960000038,0.779999971,2.160000086,4.980000019,10,41,235,784,3069
4702921684,2016-05-12,404.0,442.0,2752,2.230000019,0.0,0.0,2.230000019,0,0,68,241,1240
5553957443,2016-04-12,441.0,464.0,11596,7.570000172,1.370000005,0.790000021,5.409999847,19,13,277,767,2026
5553957443,2016-04-13,455.0,488.0,4832,3.160000086,0.0,0.0,3.160000086,0,0,226,647,1718
5553957443,2016-04-14,357.0,418.0,17022,11.11999989,4.0,2.450000048,4.670000076,61,41,256,693,2324
5553957443,2016-04-15,377.0,409.0,16556,10.85999966,4.159999847,1.980000019,4.710000038,58,38,239,689,2254
5553957443,2016-04-16,651.0,686.0,5771,3.769999981,0.0,0.0,3.769999981,0,0,288,521,1831
5553957443,2016-04-17,350.0,402.0,655,0.430000007,0.0,0.0,0.430000007,0,0,46,943,1397
5553957443,2016-04-18,520.0,541.0,3727,2.430000067,0.0,0.0,2.430000067,0,0,206,622,1683
5553957443,2016-04-19,357.0,410.0,15482,10.10999966,4.28000021,1.659999967,4.179999828,69,28,249,756,2284
5553957443,2016-04-20,658.0,678.0,2713,1.769999981,0.0,0.0,1.769999981,0,0,148,598,1570
5553957443,2016-04-21,399.0,431.0,12346,8.06000042,2.950000048,2.160000086,2.960000038,47,42,177,801,2066
5553957443,2016-04-22,322.0,353.0,11682,7.630000114,1.379999995,0.629999995,5.599999905,25,16,270,781,2105
5553957443,2016-04-23,631.0,725.0,4112,2.690000057,0.0,0.0,2.680000067,0,0,272,443,1776
5553957443,2016-04-24,553.0,640.0,1807,1.179999948,0.0,0.0,1.179999948,0,0,104,582,1507
5553957443,2016-04-25,433.0,468.0,10946,7.190000057,2.930000067,0.569999993,3.690000057,51,11,201,732,2033
5553957443,2016-04-26,412.0,453.0,11886,7.760000229,2.369999886,0.930000007,4.460000038,40,18,238,750,2093
5553957443,2016-04-27,347.0,391.0,10538,6.880000114,1.139999986,1.0,4.739999771,16,16,206,745,1922
5553957443,2016-04-28,421.0,457.0,11393,7.630000114,3.710000038,0.75,3.170000076,49,13,165,727,1999
5553957443,2016-04-29,450.0,495.0,12764,8.329999924,2.789999962,0.639999986,4.909999847,46,15,270,709,2169
5553957443,2016-04-30,775.0,843.0,1202,0.779999971,0.0,0.0,0.779999971,0,0,84,506,1463
5553957443,2016-05-01,622.0,686.0,5164,3.369999886,0.0,0.0,3.369999886,0,0,237,436,1747
5553957443,2016-05-02,409.0,471.0,9769,6.380000114,1.059999943,0.409999996,4.900000095,23,9,227,724,1996
5553957443,2016-05-03,380.0,429.0,12848,8.390000343,1.5,1.200000048,5.679999828,26,29,247,812,2116
5553957443,2016-05-04,447.0,470.0,4249,2.769999981,0.0,0.0,2.769999981,0,0,224,651,1698
5553957443,2016-05-05,419.0,464.0,14331,9.510000229,3.430000067,1.659999967,4.429999828,44,29,241,692,2156
5553957443,2016-05-06,400.0,434.0,9632,6.289999962,1.519999981,0.540000021,4.230000019,21,9,229,761,1916
5553957443,2016-05-07,442.0,470.0,1868,1.220000029,0.0,0.0,1.220000029,0,0,96,902,1494
5553957443,2016-05-08,568.0,608.0,6083,4.0,0.219999999,0.469999999,3.299999952,3,8,210,505,1762
5553957443,2016-05-09,453.0,494.0,11611,7.579999924,2.130000114,0.889999986,4.559999943,59,22,251,667,2272
5553957443,2016-05-10,418.0,443.0,16358,10.71000004,3.869999886,1.610000014,5.199999809,61,40,265,707,2335
5553957443,2016-05-11,463.0,486.0,4926,3.220000029,0.0,0.0,3.220000029,0,0,195,628,1693
5553957443,2016-05-12,438.0,475.0,3121,2.039999962,0.579999983,0.400000006,1.059999943,8,6,48,222,741
5577150313,2016-04-12,419.0,438.0,8135,6.079999924,3.599999905,0.379999995,2.099999905,86,16,140,728,3405
5577150313,2016-04-13,432.0,458.0,5077,3.789999962,0.319999993,0.219999999,3.25,15,11,144,776,2551
5577150313,2016-04-14,477.0,497.0,8596,6.420000076,3.329999924,0.310000002,2.779999971,118,30,176,662,4022
5577150313,2016-04-15,392.0,413.0,12087,9.079999924,3.920000076,1.600000024,3.559999943,115,54,199,695,4005
5577150313,2016-04-16,406.0,445.0,14269,10.65999985,6.639999866,1.279999971,2.730000019,184,56,158,472,4274
5577150313,2016-04-17,549.0,583.0,12231,9.140000343,5.980000019,0.829999983,2.319999933,200,37,159,525,4552
5577150313,2016-04-18,527.0,553.0,9893,7.389999866,4.860000134,0.720000029,1.820000052,114,32,130,623,3625
5577150313,2016-04-19,449.0,465.0,12574,9.420000076,7.019999981,0.639999986,1.75999999,108,23,111,733,3501
5577150313,2016-04-20,447.0,480.0,8330,6.21999979,4.119999886,0.340000004,1.75999999,87,16,113,773,3192
5577150313,2016-04-21,414.0,437.0,10830,8.090000153,3.650000095,1.659999967,2.779999971,110,74,175,670,4018
5577150313,2016-04-22,338.0,366.0,9172,6.849999905,2.420000076,0.790000021,3.299999952,62,30,200,823,3329
5577150313,2016-04-23,384.0,402.0,7638,5.710000038,1.210000038,0.360000014,4.139999866,24,24,223,627,3152
5577150313,2016-04-24,543.0,615.0,15764,11.77999973,7.650000095,2.150000095,1.980000019,210,65,141,425,4392
5577150313,2016-04-25,421.0,461.0,6393,4.78000021,1.350000024,0.670000017,2.75999999,61,38,214,743,3374
5577150313,2016-04-26,354.0,377.0,5325,3.980000019,0.850000024,0.649999976,2.470000029,38,32,181,759,3088
5577150313,2016-04-27,424.0,452.0,6805,5.139999866,1.809999943,0.400000006,2.930000067,63,16,190,773,3294
5577150313,2016-04-28,361.0,372.0,9841,7.429999828,3.25,1.169999957,3.00999999,99,51,141,692,3580
5577150313,2016-04-29,459.0,485.0,7924,5.920000076,2.839999914,0.610000014,2.470000029,97,36,165,739,3544
5577150313,2016-04-30,412.0,433.0,12363,9.239999771,5.829999924,0.790000021,2.609999895,207,45,163,621,4501
5577150313,2016-05-01,379.0,398.0,13368,9.989999771,5.309999943,1.440000057,3.24000001,194,72,178,499,4546
5577150313,2016-05-02,525.0,553.0,7439,5.559999943,1.120000005,0.349999994,4.070000172,37,20,235,732,3014
5577150313,2016-05-03,508.0,543.0,11045,8.25,4.519999981,0.150000006,3.569999933,97,8,212,580,3795
5577150313,2016-05-04,603.0,634.0,5206,3.890000105,1.559999943,0.25,2.079999924,25,9,141,631,2755
5577150313,2016-05-05,74.0,78.0,7550,5.639999866,2.5,0.469999999,2.670000076,45,21,143,1153,3004
5577150313,2016-05-10,504.0,562.0,8869,6.650000095,2.559999943,0.75,3.349999905,104,37,194,639,3841
5577150313,2016-05-11,431.0,476.0,4038,3.039999962,1.830000043,0.300000012,0.889999986,45,15,63,257,1665
6117666160,2016-04-16,380.0,398.0,14450,10.90999985,0.579999983,0.850000024,9.479999542,7,15,518,502,2828
6117666160,2016-04-17,336.0,350.0,7150,5.400000095,0.0,0.0,5.400000095,0,0,312,702,2225
6117666160,2016-04-18,493.0,510.0,5153,3.910000086,0.0,0.0,3.890000105,0,0,241,759,2018
6117666160,2016-04-19,465.0,492.0,11135,8.409999847,0.0,0.0,8.409999847,0,0,480,425,2606
6117666160,2016-04-20,474.0,502.0,10449,8.020000458,2.029999971,0.479999989,5.519999981,26,10,349,587,2536
6117666160,2016-04-21,508.0,550.0,19542,15.01000023,0.980000019,0.400000006,5.619999886,11,19,294,579,4900
6117666160,2016-04-22,480.0,546.0,8206,6.199999809,0.0,0.0,6.199999809,0,0,402,413,2409
6117666160,2016-04-23,492.0,539.0,11495,8.680000305,0.0,0.0,8.680000305,0,0,512,468,2651
6117666160,2016-04-24,353.0,367.0,7623,5.760000229,0.0,0.0,5.760000229,0,0,362,711,2305
6117666160,2016-04-27,542.0,557.0,9411,7.110000134,0.0,0.0,7.110000134,0,0,458,417,2576
6117666160,2016-04-28,393.0,416.0,3403,2.599999905,0.0,0.0,2.599999905,0,0,141,758,1879
6117666160,2016-04-29,600.0,636.0,9592,7.239999771,0.0,0.0,7.239999771,0,0,461,479,2560
6117666160,2016-05-01,507.0,575.0,8915,6.730000019,0.0,0.0,6.730000019,0,0,397,525,2361
6117666160,2016-05-05,392.0,415.0,9799,7.400000095,0.0,0.0,7.400000095,0,0,487,479,2636
6117666160,2016-05-06,658.0,698.0,3365,2.680000067,0.0,0.0,2.680000067,0,0,133,673,1838
6117666160,2016-05-07,498.0,507.0,7336,5.539999962,0.0,0.0,5.539999962,0,0,412,456,2469
6117666160,2016-05-08,555.0,603.0,7328,5.53000021,0.0,0.0,5.53000021,0,0,318,517,2250
6117666160,2016-05-09,492.0,522.0,4477,3.380000114,0.0,0.0,3.380000114,0,0,197,125,1248
6775888955,2016-04-13,235.0,260.0,4053,2.910000086,1.110000014,0.579999983,1.220000029,17,18,85,1053,2400
6775888955,2016-04-14,423.0,441.0,5162,3.700000048,0.870000005,0.860000014,1.970000029,14,24,105,863,2507
6775888955,2016-04-15,391.0,406.0,1282,0.920000017,0.0,0.0,0.920000017,0,0,58,976,2127
6962181067,2016-04-12,366.0,387.0,10199,6.739999771,3.400000095,0.829999983,2.50999999,50,14,189,796,1994
6962181067,2016-04-13,630.0,679.0,5652,3.74000001,0.569999993,1.210000038,1.960000038,8,24,142,548,1718
6962181067,2016-04-14,508.0,535.0,1551,1.029999971,0.0,0.0,1.029999971,0,0,86,862,1466
6962181067,2016-04-15,370.0,386.0,5563,3.680000067,0.0,0.0,3.680000067,0,0,217,837,1756
6962181067,2016-04-16,357.0,366.0,13217,8.739999771,3.660000086,0.189999998,4.880000114,50,3,280,741,2173
6962181067,2016-04-17,427.0,446.0,10145,6.710000038,0.330000013,0.680000007,5.690000057,5,13,295,634,2027
6962181067,2016-04-18,442.0,458.0,11404,7.539999962,0.829999983,2.390000105,4.320000172,13,42,238,689,2039
6962181067,2016-04-19,476.0,535.0,10742,7.099999905,2.099999905,2.130000114,2.869999886,35,41,195,659,2046
6962181067,2016-04-20,418.0,424.0,13928,9.550000191,4.28000021,0.189999998,5.090000153,48,4,297,639,2174
6962181067,2016-04-21,451.0,457.0,11835,9.710000038,3.99000001,2.099999905,3.50999999,53,27,214,708,2179
6962181067,2016-04-22,425.0,435.0,10725,7.090000153,1.769999981,1.549999952,3.769999981,30,33,240,659,2086
6962181067,2016-04-23,528.0,546.0,20031,13.23999977,4.199999809,2.0,7.039999962,58,41,347,484,2571
6962181067,2016-04-24,511.0,514.0,5029,3.319999933,0.0,0.0,3.319999933,0,0,199,720,1705
6962181067,2016-04-25,400.0,415.0,13239,9.270000458,3.019999981,1.679999948,4.460000038,35,31,282,637,2194
6962181067,2016-04-26,441.0,446.0,10433,6.900000095,2.579999924,0.419999987,3.900000095,36,7,254,680,2012
6962181067,2016-04-27,455.0,467.0,10320,6.820000172,0.550000012,2.019999981,4.25,7,38,279,697,2034
6962181067,2016-04-28,440.0,453.0,12627,8.350000381,2.50999999,0.239999995,5.590000153,38,8,288,621,2182
6962181067,2016-04-29,433.0,447.0,10762,7.110000134,0.819999993,0.479999989,5.809999943,12,15,369,645,2254
6962181067,2016-04-30,422.0,424.0,10081,6.659999847,2.24000001,0.75999999,3.670000076,32,16,237,731,2002
6962181067,2016-05-01,411.0,426.0,5454,3.609999895,0.0,0.0,3.609999895,0,0,215,722,1740
6962181067,2016-05-02,466.0,482.0,12912,8.539999962,1.200000048,2.0,5.340000153,18,39,313,655,2162
6962181067,2016-05-03,394.0,418.0,12109,8.119999886,1.74000001,2.039999962,4.329999924,21,36,267,654,2072
6962181067,2016-05-04,442.0,455.0,10147,6.710000038,0.469999999,1.679999948,4.550000191,15,36,284,683,2086
6962181067,2016-05-05,467.0,491.0,10524,6.960000038,0.99000001,1.159999967,4.809999943,14,22,305,591,2066
6962181067,2016-05-06,443.0,462.0,5908,3.910000086,0.0,0.0,3.910000086,0,0,299,717,1850
6962181067,2016-05-07,298.0,334.0,6815,4.5,0.0,0.0,4.5,0,0,328,745,1947
6962181067,2016-05-08,541.0,569.0,4188,2.769999981,0.0,0.519999981,2.25,0,14,151,709,1659
6962181067,2016-05-09,489.0,497.0,12342,8.720000267,3.900000095,1.179999948,3.650000095,43,21,231,607,2105
6962181067,2016-05-10,469.0,481.0,15448,10.21000004,3.470000029,1.75,4.989999771,62,34,275,626,2361
6962181067,2016-05-11,452.0,480.0,6722,4.440000057,1.49000001,0.310000002,2.650000095,24,7,199,709,1855
6962181067,2016-05-12,516.0,535.0,3587,2.369999886,0.0,0.25,2.109999895,0,8,105,127,928
7007744171,2016-04-16,79.0,82.0,4631,3.099999905,0.0,0.0,3.099999905,0,0,203,1155,2076
7007744171,2016-05-01,58.0,61.0,5600,3.75,0.0,0.0,3.75,0,0,237,1142,2225
7086361926,2016-04-12,514.0,525.0,11317,8.409999847,5.269999981,0.150000006,2.970000029,59,6,153,745,2772
7086361926,2016-04-13,451.0,465.0,5813,3.619999886,0.560000002,0.209999993,2.839999914,31,26,155,744,2516
7086361926,2016-04-14,472.0,476.0,9123,6.119999886,2.029999971,0.330000013,3.660000086,35,32,189,787,2734
7086361926,2016-04-15,377.0,386.0,8585,5.670000076,2.039999962,1.110000014,2.529999971,30,21,139,864,2395
7086361926,2016-04-19,472.0,483.0,10688,7.289999962,3.529999971,1.230000019,2.50999999,67,69,124,671,2944
7086361926,2016-04-20,492.0,502.0,14365,10.64000034,7.639999866,0.449999988,2.539999962,87,13,145,797,2997
7086361926,2016-04-21,390.0,411.0,9469,6.179999828,1.360000014,0.300000012,4.510000229,19,6,206,758,2463
7086361926,2016-04-22,428.0,448.0,9753,6.53000021,2.869999886,0.970000029,2.670000076,58,59,153,762,2846
7086361926,2016-04-24,681.0,704.0,3520,2.160000086,0.0,0.0,2.150000095,0,0,125,566,2049
7086361926,2016-04-25,446.0,447.0,10091,6.820000172,3.75,0.699999988,2.369999886,69,39,129,706,2752
7086361926,2016-04-26,485.0,500.0,10387,7.070000172,4.159999847,0.769999981,2.119999886,70,33,132,726,2781
7086361926,2016-04-27,469.0,479.0,11107,8.340000153,5.630000114,0.180000007,2.529999971,55,6,145,829,2693
7086361926,2016-04-28,354.0,367.0,11584,7.800000191,2.789999962,1.639999986,3.359999895,54,48,161,810,2862
7086361926,2016-04-30,485.0,489.0,14560,9.409999847,3.119999886,1.039999962,5.239999771,42,17,308,584,2995
7086361926,2016-05-01,388.0,407.0,12390,8.069999695,2.299999952,0.899999976,4.849999905,30,15,258,685,2730
7086361926,2016-05-02,440.0,459.0,10052,6.809999943,3.480000019,0.660000026,2.660000086,66,26,139,737,2754
7086361926,2016-05-03,456.0,461.0,10288,6.760000229,2.74000001,0.850000024,3.160000086,57,36,152,761,2754
7086361926,2016-05-04,420.0,436.0,10988,8.31000042,5.28000021,0.119999997,2.900000095,45,12,135,843,2655
7086361926,2016-05-06,322.0,333.0,12461,8.380000114,3.819999933,1.429999948,3.119999886,84,35,154,834,2924
7086361926,2016-05-07,530.0,548.0,12827,8.479999542,1.460000038,2.329999924,4.679999828,20,42,209,621,2739
7086361926,2016-05-08,481.0,510.0,10677,7.099999905,2.309999943,1.529999971,3.25,32,27,147,695,2534
7086361926,2016-05-09,427.0,438.0,13566,9.109999657,4.260000229,1.710000038,3.119999886,67,50,171,743,2960
7086361926,2016-05-11,451.0,463.0,9572,6.519999981,2.890000105,1.389999986,2.230000019,57,40,128,757,2735
7086361926,2016-05-12,444.0,457.0,3789,2.559999943,0.379999995,0.270000011,1.889999986,5,4,58,343,1199
8053475328,2016-04-20,486.0,493.0,15108,12.18999958,9.579999924,0.230000004,2.380000114,89,5,158,695,3043
8053475328,2016-04-23,331.0,337.0,22359,17.19000053,12.53999996,0.629999995,4.019999981,125,14,223,741,3554
8053475328,2016-05-07,74.0,75.0,19769,15.67000008,12.43999958,0.879999995,2.349999905,121,20,148,1076,3331
8378563200,2016-04-12,338.0,356.0,7626,6.050000191,0.829999983,0.709999979,4.5,65,15,156,723,3635
8378563200,2016-04-13,447.0,487.0,12386,9.819999695,4.960000038,0.649999976,4.210000038,116,14,169,680,4079
8378563200,2016-04-14,424.0,455.0,13318,10.56000042,5.619999886,1.029999971,3.910000086,123,21,174,699,4163
8378563200,2016-04-15,513.0,533.0,14461,11.47000027,4.909999847,1.149999976,5.409999847,60,23,190,729,3666
8378563200,2016-04-16,611.0,689.0,11207,8.890000343,5.369999886,1.070000052,2.440000057,64,21,142,563,3363
8378563200,2016-04-17,525.0,591.0,2132,1.690000057,0.0,0.0,1.690000057,0,0,93,599,2572
8378563200,2016-04-18,398.0,451.0,13630,10.81000042,5.050000191,0.560000002,5.199999809,117,10,174,720,4157
8378563200,2016-04-19,387.0,421.0,13070,10.35999966,5.300000191,0.879999995,4.179999828,120,19,154,737,4092
8378563200,2016-04-20,381.0,409.0,9388,7.440000057,2.230000019,0.439999998,4.78000021,82,8,169,763,3787
8378563200,2016-04-21,396.0,417.0,15148,12.01000023,6.900000095,0.819999993,4.289999962,137,16,145,677,4236
8378563200,2016-04-22,441.0,469.0,12200,9.670000076,4.909999847,0.589999974,4.179999828,113,12,159,769,4044
8378563200,2016-04-23,565.0,591.0,5709,4.53000021,1.519999981,0.519999981,2.480000019,19,10,136,740,2908
8378563200,2016-04-24,458.0,492.0,3703,2.940000057,0.0,0.0,2.940000057,0,0,135,734,2741
8378563200,2016-04-25,388.0,402.0,12405,9.840000153,5.050000191,0.870000005,3.920000076,117,16,141,692,4005
8378563200,2016-04-25,388.0,402.0,12405,9.840000153,5.050000191,0.870000005,3.920000076,117,16,141,692,4005
8378563200,2016-04-26,550.0,584.0,16208,12.85000038,7.510000229,0.920000017,4.420000076,90,18,161,593,3763
8378563200,2016-04-27,531.0,600.0,7359,5.840000153,0.330000013,0.180000007,5.329999924,4,4,192,676,3061
8378563200,2016-04-28,506.0,556.0,5417,4.300000191,0.899999976,0.49000001,2.910000086,11,10,139,711,2884
8378563200,2016-04-29,527.0,562.0,6175,4.900000095,0.25,0.360000014,4.269999981,3,7,172,767,2982
8378563200,2016-04-30,468.0,555.0,2946,2.339999914,0.0,0.0,2.339999914,0,0,121,780,2660
8378563200,2016-05-01,475.0,539.0,11419,9.06000042,6.03000021,0.560000002,2.470000029,71,10,127,669,3369
8378563200,2016-05-02,351.0,385.0,6064,4.809999943,0.629999995,0.170000002,4.010000229,63,4,142,802,3491
8378563200,2016-05-03,405.0,429.0,8712,6.909999847,1.340000033,1.059999943,4.5,71,20,195,822,3784
8378563200,2016-05-04,441.0,477.0,7875,6.239999771,1.559999943,0.49000001,4.199999809,19,10,167,680,3110
8378563200,2016-05-05,381.0,417.0,8567,6.789999962,0.889999986,0.159999996,5.739999771,66,3,214,764,3783
8378563200,2016-05-06,323.0,355.0,7045,5.590000153,1.549999952,0.25,3.779999971,74,5,166,831,3644
8378563200,2016-05-07,459.0,513.0,4468,3.539999962,0.0,0.0,3.539999962,0,0,158,851,2799
8378563200,2016-05-08,545.0,606.0,2943,2.329999924,0.0,0.0,2.329999924,0,0,139,621,2685
8378563200,2016-05-09,359.0,399.0,8382,6.650000095,1.269999981,0.660000026,4.71999979,71,13,171,772,3721
8378563200,2016-05-10,342.0,391.0,6582,5.21999979,0.660000026,0.639999986,3.920000076,63,13,152,840,3586
8378563200,2016-05-11,368.0,387.0,9143,7.25,1.389999986,0.589999974,5.269999981,72,10,184,763,3788
8378563200,2016-05-12,496.0,546.0,4561,3.619999886,0.649999976,0.270000011,2.690000057,8,6,102,433,1976
8792009665,2016-04-12,458.0,493.0,2564,1.639999986,0.0,0.0,1.639999986,0,0,116,831,2044
8792009665,2016-04-13,531.0,552.0,1320,0.839999974,0.0,0.0,0.839999974,0,0,82,806,1934
8792009665,2016-04-14,486.0,503.0,1219,0.779999971,0.0,0.0,0.779999971,0,0,84,853,1963
8792009665,2016-04-15,363.0,377.0,2483,1.590000033,0.0,0.0,1.590000033,0,0,126,937,2009
8792009665,2016-04-20,528.0,547.0,3147,2.00999999,0.0,0.280000001,1.74000001,0,10,139,744,2188
8792009665,2016-04-22,391.0,407.0,4068,2.599999905,0.050000001,0.280000001,2.269999981,1,20,195,817,2419
8792009665,2016-04-23,339.0,360.0,5245,3.359999895,0.159999996,0.439999998,2.75,8,45,232,795,2748
8792009665,2016-04-27,423.0,428.0,1758,1.129999995,0.0,0.0,1.129999995,0,0,112,900,2067
8792009665,2016-04-28,402.0,416.0,6157,3.940000057,0.0,0.0,3.940000057,0,0,310,714,2780
8792009665,2016-04-29,398.0,406.0,8360,5.349999905,0.140000001,0.280000001,4.929999828,6,14,380,634,3101
8792009665,2016-04-30,343.0,360.0,7174,4.590000153,0.330000013,0.360000014,3.910000086,10,20,301,749,2896
8792009665,2016-05-01,503.0,527.0,1619,1.039999962,0.0,0.0,1.039999962,0,0,79,834,1962
8792009665,2016-05-02,415.0,423.0,1831,1.169999957,0.0,0.0,1.169999957,0,0,101,916,2015
8792009665,2016-05-03,516.0,545.0,2421,1.549999952,0.0,0.0,1.549999952,0,0,156,739,2297
8792009665,2016-05-04,439.0,463.0,2283,1.460000038,0.0,0.0,1.460000038,0,0,129,848,2067
